[{
    "service": "pixelService",
    "host": "lifesight.pixel.io",
    "port": "3000",
    "globalLimits": {
        "GET": {
            "limit": "10",
            "granularity": "minute"
        },
        "POST": {
            "limit":"20",
            "granularity":"minute"
        }
    },
    "apiLimits": [{
            "api": "createPixel",
            "methods": {
                "GET": {
                    "limit":"100",
                    "granularity":"hour"
                },
                "POST": {
                    "limit":"20",
                    "granularity":"seconds"
                },
                "UPDATE": {
                    "limit":"10",
                    "granularity":"hour"
                }
            }
    },{
        "api": "getPixel",
        "methods": {
            "GET": {
                "limit":"5",
                "granularity":"seconds"
            },
            "post": {
                "limit":"20",
                "granualarity":"seconds"
            }
        }
}]},{
    "service": "adminService",
    "host": "lifesight.pixel.io",
    "port": "2000",
    "globalLimits": {
        "GET": {
            "limit": "10",
            "granularity": "seconds"
        },
        "POST": {
            "limit":"20",
            "granularity":"minute"
        }
    },
    "apiLimits": []
    }]